XPath,Tag,Text
"/html","html","Important: Suspension of flights to/from Tel Aviv Show more BOOK MANAGE EXPERIENCE WHERE WE FLY LOYALTY HELP US SEARCH LOG IN Fly and earn DOUBLE TIER MILES across our network Learn more Fly and earn DOUBLE TIER MILES across our network Learn more Search flights Manage booking/Check in What's on your flight Flight status Flight or Flight + Hotel Flight Vacations package Advanced search: multicity  promo codes  partner airlines Departure Airport 30 results found Arrival Airport 30 results found Continue Hotels Car rentals Opens an external link in a new tab Tours & activities Book a vacation Opens an external link in a new tab Dubai Experience Pay in installments Meet & Greet Opens an external link in a new tab Airport transfers Opens an external link in a new tab Featured destinations from New York John F. Kennedy ITALY Milan Book Economy Class Return until 08 May 25 from USD 684* INDIA Hyderabad Book Economy Class Return until 08 May 25 from USD 969* BANGLADESH Dhaka Book Economy Class Return until 08 May 25 from USD 1102* CHINA Shanghai Book Economy Class Return until 08 May 25 from USD 1227* UNITED ARAB EMIRATES Dubai Book Premium Economy Return until 08 May 25 from USD 3025* ITALY Milan Book Business Class Return until 08 May 25 from USD 3348* See more fares redirects to Featured fares See more fares *Terms and conditions apply Explore more destinations Be inspired by our route map SKYWARDS+ Enhance your benefits with Skywards+ Choose from 3 packages loaded with what you love  from airport lounge access and extra baggage allowance  to exclusive Cash+Miles rates and discounts. Learn more Learn more :Enhance your benefits with Skywards+ FLYING WITH EMIRATES Make it an incredible journey Explore the Emirates experience and plan an unforgettable trip beyond your flight. DUBAI EXPERIENCE Create your Dubai Experience Learn more CABIN FEATURES First Class Learn more CABIN FEATURES Business Class Learn more CABIN FEATURES Premium Economy Learn more CABIN FEATURES Economy Class Learn more About us Learn more about our history  our business and sustainability initiatives Our business Our planet Our people Our communities About Us About us Careers Opens an external link in a new tab Media Center Opens an external link in a new tab Our planet Our people Our communities Help Help and Contact Travel Updates Special Assistance Frequently asked questions Book Book flights Travel services Transportation Planning your trip Dubai Experience Manage Check-in Manage Your Booking Chauffeur-drive service Flight status Before you fly Baggage Visa and passport information Health Travel information Dubai International Getting to and from the airport Rules and notices Where we fly Route map Africa Asia and the Pacific Europe The Americas The Middle East Flights to all countries/territories Experience Cabin features Shop Emirates What's on your flight Inflight entertainment Dining Our lounges Dubai Stopover Loyalty Log in to Emirates Skywards Join Emirates Skywards Our partners Business Rewards benefits Register your company Emirates Skywards Program Rules Subscribe to our special offers Save with our latest fares and offers. Unsubscribe or change your preferences Email address Subscribe For details about how we use your information  please see our privacy policy. Emirates App Book and manage your flights on the go. Connect with us Share your Emirates experience. Connect with us on Facebook - Opens an external link in a new tab Connect with us on X-social - Opens an external link in a new tab Connect with us on LinkedIn - Opens an external link in a new tab Connect with us on Youtube - Opens an external link in a new tab Connect with us on Instagram - Opens an external link in a new tab Connect with us on Snapchat - Opens an external link in a new tab Connect with us on Tiktok - Opens an external link in a new tab Accessibility statement Contact us Privacy Policy Terms and conditions Cookie Policy Cybersecurity Modern Slavery Act Transparency Statement Sitemap Customer Service Plan Optional services © 2025 The Emirates Group. All Rights Reserved. We value your privacy We use cookies to help our website function properly  for analytics  marketing and to personalise the content you see. By accepting  you agree to the use of all of these cookies. You can update your preferences by clicking the cookie preferences button or at any time by going to our cookie policy. Cookie preferences Accept"
"/html/body","body","Important: Suspension of flights to/from Tel Aviv Show more BOOK MANAGE EXPERIENCE WHERE WE FLY LOYALTY HELP US SEARCH LOG IN Fly and earn DOUBLE TIER MILES across our network Learn more Fly and earn DOUBLE TIER MILES across our network Learn more Search flights Manage booking/Check in What's on your flight Flight status Flight or Flight + Hotel Flight Vacations package Advanced search: multicity  promo codes  partner airlines Departure Airport 30 results found Arrival Airport 30 results found Continue Hotels Car rentals Opens an external link in a new tab Tours & activities Book a vacation Opens an external link in a new tab Dubai Experience Pay in installments Meet & Greet Opens an external link in a new tab Airport transfers Opens an external link in a new tab Featured destinations from New York John F. Kennedy ITALY Milan Book Economy Class Return until 08 May 25 from USD 684* INDIA Hyderabad Book Economy Class Return until 08 May 25 from USD 969* BANGLADESH Dhaka Book Economy Class Return until 08 May 25 from USD 1102* CHINA Shanghai Book Economy Class Return until 08 May 25 from USD 1227* UNITED ARAB EMIRATES Dubai Book Premium Economy Return until 08 May 25 from USD 3025* ITALY Milan Book Business Class Return until 08 May 25 from USD 3348* See more fares redirects to Featured fares See more fares *Terms and conditions apply Explore more destinations Be inspired by our route map SKYWARDS+ Enhance your benefits with Skywards+ Choose from 3 packages loaded with what you love  from airport lounge access and extra baggage allowance  to exclusive Cash+Miles rates and discounts. Learn more Learn more :Enhance your benefits with Skywards+ FLYING WITH EMIRATES Make it an incredible journey Explore the Emirates experience and plan an unforgettable trip beyond your flight. DUBAI EXPERIENCE Create your Dubai Experience Learn more CABIN FEATURES First Class Learn more CABIN FEATURES Business Class Learn more CABIN FEATURES Premium Economy Learn more CABIN FEATURES Economy Class Learn more About us Learn more about our history  our business and sustainability initiatives Our business Our planet Our people Our communities About Us About us Careers Opens an external link in a new tab Media Center Opens an external link in a new tab Our planet Our people Our communities Help Help and Contact Travel Updates Special Assistance Frequently asked questions Book Book flights Travel services Transportation Planning your trip Dubai Experience Manage Check-in Manage Your Booking Chauffeur-drive service Flight status Before you fly Baggage Visa and passport information Health Travel information Dubai International Getting to and from the airport Rules and notices Where we fly Route map Africa Asia and the Pacific Europe The Americas The Middle East Flights to all countries/territories Experience Cabin features Shop Emirates What's on your flight Inflight entertainment Dining Our lounges Dubai Stopover Loyalty Log in to Emirates Skywards Join Emirates Skywards Our partners Business Rewards benefits Register your company Emirates Skywards Program Rules Subscribe to our special offers Save with our latest fares and offers. Unsubscribe or change your preferences Email address Subscribe For details about how we use your information  please see our privacy policy. Emirates App Book and manage your flights on the go. Connect with us Share your Emirates experience. Connect with us on Facebook - Opens an external link in a new tab Connect with us on X-social - Opens an external link in a new tab Connect with us on LinkedIn - Opens an external link in a new tab Connect with us on Youtube - Opens an external link in a new tab Connect with us on Instagram - Opens an external link in a new tab Connect with us on Snapchat - Opens an external link in a new tab Connect with us on Tiktok - Opens an external link in a new tab Accessibility statement Contact us Privacy Policy Terms and conditions Cookie Policy Cybersecurity Modern Slavery Act Transparency Statement Sitemap Customer Service Plan Optional services © 2025 The Emirates Group. All Rights Reserved. We value your privacy We use cookies to help our website function properly  for analytics  marketing and to personalise the content you see. By accepting  you agree to the use of all of these cookies. You can update your preferences by clicking the cookie preferences button or at any time by going to our cookie policy. Cookie preferences Accept"
"/html/body/div","div","Important: Suspension of flights to/from Tel Aviv Show more"
"/html/body/div/div","div","Important: Suspension of flights to/from Tel Aviv Show more"
"/html/body/div/div/div","div","Important: Suspension of flights to/from Tel Aviv Show more"
"/html/body/div/div/div/p","p","Important: Suspension of flights to/from Tel Aviv"
"/html/body/div/div/div/p/span","span","Important:"
"/html/body/div/div/div/p/span/i","i",""
"/html/body/div/div/div/p/span/span","span","Important:"
"/html/body/div/div/div/p/a","a","Suspension of flights to/from Tel Aviv"
"/html/body/div/div/div/span","span","Show more"
"/html/body/div/div/div/span/button","button","Show more"
"/html/body/div/div/div/span/button/span","span","Show more"
"/html/body/div/div/div/span/button/i","i",""
"/html/body/nav","nav","BOOK MANAGE EXPERIENCE WHERE WE FLY LOYALTY HELP US SEARCH LOG IN"
"/html/body/nav/div","div","BOOK MANAGE EXPERIENCE WHERE WE FLY LOYALTY HELP US SEARCH LOG IN"
"/html/body/nav/div/div","div","BOOK MANAGE EXPERIENCE WHERE WE FLY LOYALTY HELP US SEARCH LOG IN"
"/html/body/nav/div/div/div","div",""
"/html/body/nav/div/div/div[2]","div",""
"/html/body/nav/div/div/div[2]/a","a",""
"/html/body/nav/div/div/div[2]/a/img","img",""
"/html/body/nav/div/div/div[4]","div","BOOK MANAGE EXPERIENCE WHERE WE FLY LOYALTY HELP"
"/html/body/nav/div/div/div[4]/div","div","BOOK MANAGE EXPERIENCE WHERE WE FLY LOYALTY HELP"
"/html/body/nav/div/div/div[4]/div/ul","ul","BOOK MANAGE EXPERIENCE WHERE WE FLY LOYALTY HELP"
"/html/body/nav/div/div/div[4]/div/ul/li","li","BOOK"
"/html/body/nav/div/div/div[4]/div/ul/li/button","button","BOOK"
"/html/body/nav/div/div/div[4]/div/ul/li[2]","li","MANAGE"
"/html/body/nav/div/div/div[4]/div/ul/li[2]/button","button","MANAGE"
"/html/body/nav/div/div/div[4]/div/ul/li[3]","li","EXPERIENCE"
"/html/body/nav/div/div/div[4]/div/ul/li[3]/button","button","EXPERIENCE"
"/html/body/nav/div/div/div[4]/div/ul/li[4]","li","WHERE WE FLY"
"/html/body/nav/div/div/div[4]/div/ul/li[4]/button","button","WHERE WE FLY"
"/html/body/nav/div/div/div[4]/div/ul/li[5]","li","LOYALTY"
"/html/body/nav/div/div/div[4]/div/ul/li[5]/button","button","LOYALTY"
"/html/body/nav/div/div/div[4]/div/ul/li[6]","li","HELP"
"/html/body/nav/div/div/div[4]/div/ul/li[6]/button","button","HELP"
"/html/body/nav/div/div/div[5]","div","US SEARCH LOG IN"
"/html/body/nav/div/div/div[5]/ul","ul","US SEARCH LOG IN"
"/html/body/nav/div/div/div[5]/ul/li","li","US"
"/html/body/nav/div/div/div[5]/ul/li/a","a","US"
"/html/body/nav/div/div/div[5]/ul/li/a/span","span",""
"/html/body/nav/div/div/div[5]/ul/li/a/span[2]","span","US"
"/html/body/nav/div/div/div[5]/ul/li[2]","li","SEARCH"
"/html/body/nav/div/div/div[5]/ul/li[2]/a","a","SEARCH"
"/html/body/nav/div/div/div[5]/ul/li[2]/a/span","span",""
"/html/body/nav/div/div/div[5]/ul/li[2]/a/span[2]","span","SEARCH"
"/html/body/nav/div/div/div[5]/ul/li[3]","li","LOG IN"
"/html/body/nav/div/div/div[5]/ul/li[3]/a","a","LOG IN"
"/html/body/nav/div/div/div[5]/ul/li[3]/a/span","span",""
"/html/body/nav/div/div/div[5]/ul/li[3]/a/span[2]","span","LOG IN"
"/html/body/main","main","Fly and earn DOUBLE TIER MILES across our network Learn more Fly and earn DOUBLE TIER MILES across our network Learn more Search flights Manage booking/Check in What's on your flight Flight status Flight or Flight + Hotel Flight Vacations package Advanced search: multicity  promo codes  partner airlines Departure Airport 30 results found Arrival Airport 30 results found Continue Hotels Car rentals Opens an external link in a new tab Tours & activities Book a vacation Opens an external link in a new tab Dubai Experience Pay in installments Meet & Greet Opens an external link in a new tab Airport transfers Opens an external link in a new tab Featured destinations from New York John F. Kennedy ITALY Milan Book Economy Class Return until 08 May 25 from USD 684* INDIA Hyderabad Book Economy Class Return until 08 May 25 from USD 969* BANGLADESH Dhaka Book Economy Class Return until 08 May 25 from USD 1102* CHINA Shanghai Book Economy Class Return until 08 May 25 from USD 1227* UNITED ARAB EMIRATES Dubai Book Premium Economy Return until 08 May 25 from USD 3025* ITALY Milan Book Business Class Return until 08 May 25 from USD 3348* See more fares redirects to Featured fares See more fares *Terms and conditions apply Explore more destinations Be inspired by our route map SKYWARDS+ Enhance your benefits with Skywards+ Choose from 3 packages loaded with what you love  from airport lounge access and extra baggage allowance  to exclusive Cash+Miles rates and discounts. Learn more Learn more :Enhance your benefits with Skywards+ FLYING WITH EMIRATES Make it an incredible journey Explore the Emirates experience and plan an unforgettable trip beyond your flight. DUBAI EXPERIENCE Create your Dubai Experience Learn more CABIN FEATURES First Class Learn more CABIN FEATURES Business Class Learn more CABIN FEATURES Premium Economy Learn more CABIN FEATURES Economy Class Learn more About us Learn more about our history  our business and sustainability initiatives Our business Our planet Our people Our communities"
"/html/body/main/div","div","Fly and earn DOUBLE TIER MILES across our network Learn more Fly and earn DOUBLE TIER MILES across our network Learn more"
"/html/body/main/div/div","div","Fly and earn DOUBLE TIER MILES across our network Learn more Fly and earn DOUBLE TIER MILES across our network Learn more"
"/html/body/main/div/div/div","div",""
"/html/body/main/div/div/div/picture","picture",""
"/html/body/main/div/div/div/picture/img","img",""
"/html/body/main/div/div/div[2]","div","Fly and earn DOUBLE TIER MILES across our network Learn more Fly and earn DOUBLE TIER MILES across our network Learn more"
"/html/body/main/div/div/div[2]/div","div","Fly and earn DOUBLE TIER MILES across our network Learn more Fly and earn DOUBLE TIER MILES across our network Learn more"
"/html/body/main/div/div/div[2]/div/h1","h1","Fly and earn DOUBLE TIER MILES across our network"
"/html/body/main/div/div/div[2]/div/h1/span","span","Fly and earn"
"/html/body/main/div/div/div[2]/div/h1/span[2]","span","DOUBLE TIER MILES across our network"
"/html/body/main/div/div/div[2]/div/h1/span[2]/span","span","DOUBLE TIER MILES"
"/html/body/main/div/div/div[2]/div/h1/span[2]/span[2]","span","across our network"
"/html/body/main/div/div/div[2]/div/a","a","Learn more Fly and earn DOUBLE TIER MILES across our network Learn more"
"/html/body/main/div/div/div[2]/div/a/span","span","Learn more Fly and earn DOUBLE TIER MILES across our network"
"/html/body/main/div/div/div[2]/div/a/span[2]","span","Learn more"
"/html/body/main/div/div/div[2]/div[2]","div",""
"/html/body/main/div/div/div[2]/div[2]/a","a",""
"/html/body/main/div/div/div[2]/div[2]/a/img","img",""
"/html/body/main/div[2]","div","Search flights Manage booking/Check in What's on your flight Flight status Flight or Flight + Hotel Flight Vacations package Advanced search: multicity  promo codes  partner airlines Departure Airport 30 results found Arrival Airport 30 results found Continue"
"/html/body/main/div[2]/div","div","Search flights Manage booking/Check in What's on your flight Flight status Flight or Flight + Hotel Flight Vacations package Advanced search: multicity  promo codes  partner airlines Departure Airport 30 results found Arrival Airport 30 results found Continue"
"/html/body/main/div[2]/div/div","div","Search flights Manage booking/Check in What's on your flight Flight status Flight or Flight + Hotel Flight Vacations package Advanced search: multicity  promo codes  partner airlines Departure Airport 30 results found Arrival Airport 30 results found Continue"
"/html/body/main/div[2]/div/div/ul","ul","Search flights Manage booking/Check in What's on your flight Flight status"
"/html/body/main/div[2]/div/div/ul/li","li","Search flights"
"/html/body/main/div[2]/div/div/ul/li/a","a","Search flights"
"/html/body/main/div[2]/div/div/ul/li/a/div","div","Search flights"
"/html/body/main/div[2]/div/div/ul/li/a/div/i","i",""
"/html/body/main/div[2]/div/div/ul/li/a/div/p","p","Search flights"
"/html/body/main/div[2]/div/div/ul/li[2]","li","Manage booking/Check in"
"/html/body/main/div[2]/div/div/ul/li[2]/a","a","Manage booking/Check in"
"/html/body/main/div[2]/div/div/ul/li[2]/a/div","div","Manage booking/Check in"
"/html/body/main/div[2]/div/div/ul/li[2]/a/div/i","i",""
"/html/body/main/div[2]/div/div/ul/li[2]/a/div/p","p","Manage booking/Check in"
"/html/body/main/div[2]/div/div/ul/li[3]","li","What's on your flight"
"/html/body/main/div[2]/div/div/ul/li[3]/a","a","What's on your flight"
"/html/body/main/div[2]/div/div/ul/li[3]/a/div","div","What's on your flight"
"/html/body/main/div[2]/div/div/ul/li[3]/a/div/i","i",""
"/html/body/main/div[2]/div/div/ul/li[3]/a/div/p","p","What's on your flight"
"/html/body/main/div[2]/div/div/ul/li[4]","li","Flight status"
"/html/body/main/div[2]/div/div/ul/li[4]/a","a","Flight status"
"/html/body/main/div[2]/div/div/ul/li[4]/a/div","div","Flight status"
"/html/body/main/div[2]/div/div/ul/li[4]/a/div/i","i",""
"/html/body/main/div[2]/div/div/ul/li[4]/a/div/p","p","Flight status"
"/html/body/main/div[2]/div/div/div","div","Flight or Flight + Hotel Flight Vacations package Advanced search: multicity  promo codes  partner airlines Departure Airport 30 results found Arrival Airport 30 results found Continue"
"/html/body/main/div[2]/div/div/div/div","div","Flight or Flight + Hotel Flight Vacations package Advanced search: multicity  promo codes  partner airlines Departure Airport 30 results found Arrival Airport 30 results found Continue"
"/html/body/main/div[2]/div/div/div/div/div","div","Flight or Flight + Hotel Flight Vacations package Advanced search: multicity  promo codes  partner airlines Departure Airport 30 results found Arrival Airport 30 results found Continue"
"/html/body/main/div[2]/div/div/div/div/div/div","div","Flight or Flight + Hotel Flight Vacations package Advanced search: multicity  promo codes  partner airlines Departure Airport 30 results found Arrival Airport 30 results found Continue"
"/html/body/main/div[2]/div/div/div/div/div/div/div","div","Flight or Flight + Hotel Flight Vacations package"
"/html/body/main/div[2]/div/div/div/div/div/div/div/fieldset","fieldset","Flight or Flight + Hotel Flight Vacations package"
"/html/body/main/div[2]/div/div/div/div/div/div/div/fieldset/legend","legend","Flight or Flight + Hotel"
"/html/body/main/div[2]/div/div/div/div/div/div/div/fieldset/div","div","Flight Vacations package"
"/html/body/main/div[2]/div/div/div/div/div/div/div/fieldset/div/div","div","Flight"
"/html/body/main/div[2]/div/div/div/div/div/div/div/fieldset/div/div/label","label","Flight"
"/html/body/main/div[2]/div/div/div/div/div/div/div/fieldset/div/div[2]","div","Vacations package"
"/html/body/main/div[2]/div/div/div/div/div/div/div/fieldset/div/div[2]/label","label","Vacations package"
"/html/body/main/div[2]/div/div/div/div/div/div/div[2]","div","Advanced search: multicity  promo codes  partner airlines Departure Airport 30 results found Arrival Airport 30 results found Continue"
"/html/body/main/div[2]/div/div/div/div/div/div/div[2]/section","section","Advanced search: multicity  promo codes  partner airlines Departure Airport 30 results found Arrival Airport 30 results found Continue"
"/html/body/main/div[2]/div/div/div/div/div/div/div[2]/section/div","div","Advanced search: multicity  promo codes  partner airlines"
"/html/body/main/div[2]/div/div/div/div/div/div/div[2]/section/div/div","div","Advanced search: multicity  promo codes  partner airlines"
"/html/body/main/div[2]/div/div/div/div/div/div/div[2]/section/div/div/div","div",""
"/html/body/main/div[2]/div/div/div/div/div/div/div[2]/section/div/div/div[2]","div","Advanced search: multicity  promo codes  partner airlines"
"/html/body/main/div[2]/div/div/div/div/div/div/div[2]/section/div/div/div[2]/a","a","Advanced search: multicity  promo codes  partner airlines"
"/html/body/main/div[2]/div/div/div/div/div/div/div[2]/section/div/div/div[2]/a/span","span",""
"/html/body/main/div[2]/div/div/div/div/div/div/div[2]/section/div[4]","div","Departure Airport 30 results found Arrival Airport 30 results found Continue"
"/html/body/main/div[2]/div/div/div/div/div/div/div[2]/section/div[4]/div","div","Departure Airport 30 results found Arrival Airport 30 results found Continue"
"/html/body/main/div[2]/div/div/div/div/div/div/div[2]/section/div[4]/div/div","div","Departure Airport 30 results found Arrival Airport 30 results found"
"/html/body/main/div[2]/div/div/div/div/div/div/div[2]/section/div[4]/div/div/div","div","Departure Airport 30 results found Arrival Airport 30 results found"
"/html/body/main/div[2]/div/div/div/div/div/div/div[2]/section/div[4]/div/div/div/div","div","Departure Airport 30 results found"
"/html/body/main/div[2]/div/div/div/div/div/div/div[2]/section/div[4]/div/div/div/div/div","div","Departure Airport 30 results found"
"/html/body/main/div[2]/div/div/div/div/div/div/div[2]/section/div[4]/div/div/div/div/div/div","div","Departure Airport 30 results found"
"/html/body/main/div[2]/div/div/div/div/div/div/div[2]/section/div[4]/div/div/div/div/div/div/div","div","Departure Airport 30 results found"
"/html/body/main/div[2]/div/div/div/div/div/div/div[2]/section/div[4]/div/div/div/div/div/div/div/div","div","Departure Airport 30 results found"
"/html/body/main/div[2]/div/div/div/div/div/div/div[2]/section/div[4]/div/div/div/div/div/div/div/div/label","label","Departure Airport"
"/html/body/main/div[2]/div/div/div/div/div/div/div[2]/section/div[4]/div/div/div/div/div/div/div/div/input","input",""
"/html/body/main/div[2]/div/div/div/div/div/div/div[2]/section/div[4]/div/div/div/div/div/div/div/div/div","div","30 results found"
"/html/body/main/div[2]/div/div/div/div/div/div/div[2]/section/div[4]/div/div/div/div/div/div/div/div/button","button",""
"/html/body/main/div[2]/div/div/div/div/div/div/div[2]/section/div[4]/div/div/div/div/div/div/div/i","i",""
"/html/body/main/div[2]/div/div/div/div/div/div/div[2]/section/div[4]/div/div/div/div[2]","div","Arrival Airport 30 results found"
"/html/body/main/div[2]/div/div/div/div/div/div/div[2]/section/div[4]/div/div/div/div[2]/div","div","Arrival Airport 30 results found"
"/html/body/main/div[2]/div/div/div/div/div/div/div[2]/section/div[4]/div/div/div/div[2]/div/div","div","Arrival Airport 30 results found"
"/html/body/main/div[2]/div/div/div/div/div/div/div[2]/section/div[4]/div/div/div/div[2]/div/div/div","div","Arrival Airport 30 results found"
"/html/body/main/div[2]/div/div/div/div/div/div/div[2]/section/div[4]/div/div/div/div[2]/div/div/div/div","div","Arrival Airport 30 results found"
"/html/body/main/div[2]/div/div/div/div/div/div/div[2]/section/div[4]/div/div/div/div[2]/div/div/div/div/label","label","Arrival Airport"
"/html/body/main/div[2]/div/div/div/div/div/div/div[2]/section/div[4]/div/div/div/div[2]/div/div/div/div/input","input",""
"/html/body/main/div[2]/div/div/div/div/div/div/div[2]/section/div[4]/div/div/div/div[2]/div/div/div/div/div","div","30 results found"
"/html/body/main/div[2]/div/div/div/div/div/div/div[2]/section/div[4]/div/div[2]","div",""
"/html/body/main/div[2]/div/div/div/div/div/div/div[2]/section/div[4]/div/div[4]","div","Continue"
"/html/body/main/div[2]/div/div/div/div/div/div/div[2]/section/div[4]/div/div[4]/button","button","Continue"
"/html/body/main/div[2]/div/div/div/div/div/div/div[2]/section/div[4]/div/div[4]/button/span","span","Continue"
"/html/body/main/div[3]","div","Hotels Car rentals Opens an external link in a new tab Tours & activities Book a vacation Opens an external link in a new tab Dubai Experience Pay in installments Meet & Greet Opens an external link in a new tab Airport transfers Opens an external link in a new tab"
"/html/body/main/div[3]/section","section","Hotels Car rentals Opens an external link in a new tab Tours & activities Book a vacation Opens an external link in a new tab Dubai Experience Pay in installments Meet & Greet Opens an external link in a new tab Airport transfers Opens an external link in a new tab"
"/html/body/main/div[3]/section/div","div","Hotels Car rentals Opens an external link in a new tab Tours & activities Book a vacation Opens an external link in a new tab Dubai Experience Pay in installments Meet & Greet Opens an external link in a new tab Airport transfers Opens an external link in a new tab"
"/html/body/main/div[3]/section/div/ul","ul","Hotels Car rentals Opens an external link in a new tab Tours & activities Book a vacation Opens an external link in a new tab Dubai Experience Pay in installments Meet & Greet Opens an external link in a new tab Airport transfers Opens an external link in a new tab"
"/html/body/main/div[3]/section/div/ul/li","li","Hotels"
"/html/body/main/div[3]/section/div/ul/li/a","a","Hotels"
"/html/body/main/div[3]/section/div/ul/li/a/span","span","Hotels"
"/html/body/main/div[3]/section/div/ul/li[2]","li","Car rentals Opens an external link in a new tab"
"/html/body/main/div[3]/section/div/ul/li[2]/a","a","Car rentals Opens an external link in a new tab"
"/html/body/main/div[3]/section/div/ul/li[2]/a/span","span","Car rentals Opens an external link in a new tab"
"/html/body/main/div[3]/section/div/ul/li[2]/a/span/i","i","Opens an external link in a new tab"
"/html/body/main/div[3]/section/div/ul/li[2]/a/span/i/span","span","Opens an external link in a new tab"
"/html/body/main/div[3]/section/div/ul/li[3]","li","Tours & activities"
"/html/body/main/div[3]/section/div/ul/li[3]/a","a","Tours & activities"
"/html/body/main/div[3]/section/div/ul/li[3]/a/span","span","Tours & activities"
"/html/body/main/div[3]/section/div/ul/li[4]","li","Book a vacation Opens an external link in a new tab"
"/html/body/main/div[3]/section/div/ul/li[4]/a","a","Book a vacation Opens an external link in a new tab"
"/html/body/main/div[3]/section/div/ul/li[4]/a/span","span","Book a vacation Opens an external link in a new tab"
"/html/body/main/div[3]/section/div/ul/li[4]/a/span/i","i","Opens an external link in a new tab"
"/html/body/main/div[3]/section/div/ul/li[4]/a/span/i/span","span","Opens an external link in a new tab"
"/html/body/main/div[3]/section/div/ul/li[5]","li","Dubai Experience"
"/html/body/main/div[3]/section/div/ul/li[5]/a","a","Dubai Experience"
"/html/body/main/div[3]/section/div/ul/li[5]/a/span","span","Dubai Experience"
"/html/body/main/div[3]/section/div/ul/li[6]","li","Pay in installments"
"/html/body/main/div[3]/section/div/ul/li[6]/a","a","Pay in installments"
"/html/body/main/div[3]/section/div/ul/li[6]/a/span","span","Pay in installments"
"/html/body/main/div[3]/section/div/ul/li[7]","li","Meet & Greet Opens an external link in a new tab"
"/html/body/main/div[3]/section/div/ul/li[7]/a","a","Meet & Greet Opens an external link in a new tab"
"/html/body/main/div[3]/section/div/ul/li[7]/a/span","span","Meet & Greet Opens an external link in a new tab"
"/html/body/main/div[3]/section/div/ul/li[7]/a/span/i","i","Opens an external link in a new tab"
"/html/body/main/div[3]/section/div/ul/li[7]/a/span/i/span","span","Opens an external link in a new tab"
"/html/body/main/div[3]/section/div/ul/li[8]","li","Airport transfers Opens an external link in a new tab"
"/html/body/main/div[3]/section/div/ul/li[8]/a","a","Airport transfers Opens an external link in a new tab"
"/html/body/main/div[3]/section/div/ul/li[8]/a/span","span","Airport transfers Opens an external link in a new tab"
"/html/body/main/div[3]/section/div/ul/li[8]/a/span/i","i","Opens an external link in a new tab"
"/html/body/main/div[3]/section/div/ul/li[8]/a/span/i/span","span","Opens an external link in a new tab"
"/html/body/main/section","section","Featured destinations from New York John F. Kennedy ITALY Milan Book Economy Class Return until 08 May 25 from USD 684* INDIA Hyderabad Book Economy Class Return until 08 May 25 from USD 969* BANGLADESH Dhaka Book Economy Class Return until 08 May 25 from USD 1102* CHINA Shanghai Book Economy Class Return until 08 May 25 from USD 1227* UNITED ARAB EMIRATES Dubai Book Premium Economy Return until 08 May 25 from USD 3025* ITALY Milan Book Business Class Return until 08 May 25 from USD 3348* See more fares redirects to Featured fares See more fares *Terms and conditions apply Explore more destinations Be inspired by our route map"
"/html/body/main/section/div","div","Featured destinations from New York John F. Kennedy ITALY Milan Book Economy Class Return until 08 May 25 from USD 684* INDIA Hyderabad Book Economy Class Return until 08 May 25 from USD 969* BANGLADESH Dhaka Book Economy Class Return until 08 May 25 from USD 1102* CHINA Shanghai Book Economy Class Return until 08 May 25 from USD 1227* UNITED ARAB EMIRATES Dubai Book Premium Economy Return until 08 May 25 from USD 3025* ITALY Milan Book Business Class Return until 08 May 25 from USD 3348* See more fares redirects to Featured fares See more fares *Terms and conditions apply Explore more destinations Be inspired by our route map"
"/html/body/main/section/div/div","div","Featured destinations from New York John F. Kennedy ITALY Milan Book Economy Class Return until 08 May 25 from USD 684* INDIA Hyderabad Book Economy Class Return until 08 May 25 from USD 969* BANGLADESH Dhaka Book Economy Class Return until 08 May 25 from USD 1102* CHINA Shanghai Book Economy Class Return until 08 May 25 from USD 1227* UNITED ARAB EMIRATES Dubai Book Premium Economy Return until 08 May 25 from USD 3025* ITALY Milan Book Business Class Return until 08 May 25 from USD 3348*"
"/html/body/main/section/div/div/div","div","Featured destinations from New York John F. Kennedy"
"/html/body/main/section/div/div/div/h2","h2","Featured destinations from"
"/html/body/main/section/div/div/div/div","div","New York John F. Kennedy"
"/html/body/main/section/div/div/div/div/div","div","New York John F. Kennedy"
"/html/body/main/section/div/div/div/div/div/div","div","New York John F. Kennedy"
"/html/body/main/section/div/div/div/div/div/div/a","a","New York John F. Kennedy"
"/html/body/main/section/div/div/div/div/div/div/a/span","span",""
"/html/body/main/section/div/div/div/div/div/div/a/span[2]","span","New York John F. Kennedy"
"/html/body/main/section/div/div/div/div/div/div/a/i","i",""
"/html/body/main/section/div/div/div/h2[2]","h2",""
"/html/body/main/section/div/div/a","a",""
"/html/body/main/section/div/div/a/img","img",""
"/html/body/main/section/div/div/ul","ul","ITALY Milan Book Economy Class Return until 08 May 25 from USD 684* INDIA Hyderabad Book Economy Class Return until 08 May 25 from USD 969* BANGLADESH Dhaka Book Economy Class Return until 08 May 25 from USD 1102* CHINA Shanghai Book Economy Class Return until 08 May 25 from USD 1227* UNITED ARAB EMIRATES Dubai Book Premium Economy Return until 08 May 25 from USD 3025* ITALY Milan Book Business Class Return until 08 May 25 from USD 3348*"
"/html/body/main/section/div/div/ul/li[31]","li","ITALY Milan Book Economy Class Return until 08 May 25 from USD 684*"
"/html/body/main/section/div/div/ul/li[31]/a","a","ITALY Milan Book Economy Class Return until 08 May 25 from USD 684*"
"/html/body/main/section/div/div/ul/li[31]/a/picture","picture",""
"/html/body/main/section/div/div/ul/li[31]/a/picture/img","img",""
"/html/body/main/section/div/div/ul/li[31]/a/div","div","ITALY Milan Book Economy Class Return until 08 May 25 from USD 684*"
"/html/body/main/section/div/div/ul/li[31]/a/div/div","div","ITALY Milan Book Economy Class Return until 08 May 25 from USD 684*"
"/html/body/main/section/div/div/ul/li[31]/a/div/div/p","p","ITALY"
"/html/body/main/section/div/div/ul/li[31]/a/div/div/h3","h3","Milan"
"/html/body/main/section/div/div/ul/li[31]/a/div/div/p[2]","p","Book Economy Class Return until 08 May 25"
"/html/body/main/section/div/div/ul/li[31]/a/div/div/p[3]","p","from USD 684*"
"/html/body/main/section/div/div/ul/li[32]","li","INDIA Hyderabad Book Economy Class Return until 08 May 25 from USD 969*"
"/html/body/main/section/div/div/ul/li[32]/a","a","INDIA Hyderabad Book Economy Class Return until 08 May 25 from USD 969*"
"/html/body/main/section/div/div/ul/li[32]/a/picture","picture",""
"/html/body/main/section/div/div/ul/li[32]/a/picture/img","img",""
"/html/body/main/section/div/div/ul/li[32]/a/div","div","INDIA Hyderabad Book Economy Class Return until 08 May 25 from USD 969*"
"/html/body/main/section/div/div/ul/li[32]/a/div/div","div","INDIA Hyderabad Book Economy Class Return until 08 May 25 from USD 969*"
"/html/body/main/section/div/div/ul/li[32]/a/div/div/p","p","INDIA"
"/html/body/main/section/div/div/ul/li[32]/a/div/div/h3","h3","Hyderabad"
"/html/body/main/section/div/div/ul/li[32]/a/div/div/p[2]","p","Book Economy Class Return until 08 May 25"
"/html/body/main/section/div/div/ul/li[32]/a/div/div/p[3]","p","from USD 969*"
"/html/body/main/section/div/div/ul/li[33]","li","BANGLADESH Dhaka Book Economy Class Return until 08 May 25 from USD 1102*"
"/html/body/main/section/div/div/ul/li[33]/a","a","BANGLADESH Dhaka Book Economy Class Return until 08 May 25 from USD 1102*"
"/html/body/main/section/div/div/ul/li[33]/a/picture","picture",""
"/html/body/main/section/div/div/ul/li[33]/a/picture/img","img",""
"/html/body/main/section/div/div/ul/li[33]/a/div","div","BANGLADESH Dhaka Book Economy Class Return until 08 May 25 from USD 1102*"
"/html/body/main/section/div/div/ul/li[33]/a/div/div","div","BANGLADESH Dhaka Book Economy Class Return until 08 May 25 from USD 1102*"
"/html/body/main/section/div/div/ul/li[33]/a/div/div/p","p","BANGLADESH"
"/html/body/main/section/div/div/ul/li[33]/a/div/div/h3","h3","Dhaka"
"/html/body/main/section/div/div/ul/li[33]/a/div/div/p[2]","p","Book Economy Class Return until 08 May 25"
"/html/body/main/section/div/div/ul/li[33]/a/div/div/p[3]","p","from USD 1102*"
"/html/body/main/section/div/div/ul/li[34]","li","CHINA Shanghai Book Economy Class Return until 08 May 25 from USD 1227*"
"/html/body/main/section/div/div/ul/li[34]/a","a","CHINA Shanghai Book Economy Class Return until 08 May 25 from USD 1227*"
"/html/body/main/section/div/div/ul/li[34]/a/picture","picture",""
"/html/body/main/section/div/div/ul/li[34]/a/picture/img","img",""
"/html/body/main/section/div/div/ul/li[34]/a/div","div","CHINA Shanghai Book Economy Class Return until 08 May 25 from USD 1227*"
"/html/body/main/section/div/div/ul/li[34]/a/div/div","div","CHINA Shanghai Book Economy Class Return until 08 May 25 from USD 1227*"
"/html/body/main/section/div/div/ul/li[34]/a/div/div/p","p","CHINA"
"/html/body/main/section/div/div/ul/li[34]/a/div/div/h3","h3","Shanghai"
"/html/body/main/section/div/div/ul/li[34]/a/div/div/p[2]","p","Book Economy Class Return until 08 May 25"
"/html/body/main/section/div/div/ul/li[34]/a/div/div/p[3]","p","from USD 1227*"
"/html/body/main/section/div/div/ul/li[35]","li","UNITED ARAB EMIRATES Dubai Book Premium Economy Return until 08 May 25 from USD 3025*"
"/html/body/main/section/div/div/ul/li[35]/a","a","UNITED ARAB EMIRATES Dubai Book Premium Economy Return until 08 May 25 from USD 3025*"
"/html/body/main/section/div/div/ul/li[35]/a/picture","picture",""
"/html/body/main/section/div/div/ul/li[35]/a/picture/img","img",""
"/html/body/main/section/div/div/ul/li[35]/a/div","div","UNITED ARAB EMIRATES Dubai Book Premium Economy Return until 08 May 25 from USD 3025*"
"/html/body/main/section/div/div/ul/li[35]/a/div/div","div","UNITED ARAB EMIRATES Dubai Book Premium Economy Return until 08 May 25 from USD 3025*"
"/html/body/main/section/div/div/ul/li[35]/a/div/div/p","p","UNITED ARAB EMIRATES"
"/html/body/main/section/div/div/ul/li[35]/a/div/div/h3","h3","Dubai"
"/html/body/main/section/div/div/ul/li[35]/a/div/div/p[2]","p","Book Premium Economy Return until 08 May 25"
"/html/body/main/section/div/div/ul/li[35]/a/div/div/p[3]","p","from USD 3025*"
"/html/body/main/section/div/div/ul/li[36]","li","ITALY Milan Book Business Class Return until 08 May 25 from USD 3348*"
"/html/body/main/section/div/div/ul/li[36]/a","a","ITALY Milan Book Business Class Return until 08 May 25 from USD 3348*"
"/html/body/main/section/div/div/ul/li[36]/a/picture","picture",""
"/html/body/main/section/div/div/ul/li[36]/a/picture/img","img",""
"/html/body/main/section/div/div/ul/li[36]/a/div","div","ITALY Milan Book Business Class Return until 08 May 25 from USD 3348*"
"/html/body/main/section/div/div/ul/li[36]/a/div/div","div","ITALY Milan Book Business Class Return until 08 May 25 from USD 3348*"
"/html/body/main/section/div/div/ul/li[36]/a/div/div/p","p","ITALY"
"/html/body/main/section/div/div/ul/li[36]/a/div/div/h3","h3","Milan"
"/html/body/main/section/div/div/ul/li[36]/a/div/div/p[2]","p","Book Business Class Return until 08 May 25"
"/html/body/main/section/div/div/ul/li[36]/a/div/div/p[3]","p","from USD 3348*"
"/html/body/main/section/div/div[2]","div","See more fares redirects to Featured fares See more fares *Terms and conditions apply Explore more destinations Be inspired by our route map"
"/html/body/main/section/div/div[2]/div","div","See more fares redirects to Featured fares See more fares *Terms and conditions apply Explore more destinations Be inspired by our route map"
"/html/body/main/section/div/div[2]/div/div","div","See more fares redirects to Featured fares See more fares *Terms and conditions apply"
"/html/body/main/section/div/div[2]/div/div/a","a","See more fares redirects to Featured fares See more fares"
"/html/body/main/section/div/div[2]/div/div/a/span","span","See more fares redirects to Featured fares"
"/html/body/main/section/div/div[2]/div/div/a/span[2]","span","See more fares"
"/html/body/main/section/div/div[2]/div/div/span","span","*Terms and conditions apply"
"/html/body/main/section/div/div[2]/div/div[2]","div","Explore more destinations"
"/html/body/main/section/div/div[2]/div/div[2]/a","a","Explore more destinations"
"/html/body/main/section/div/div[2]/div/div[2]/a/span","span","Explore more destinations"
"/html/body/main/section/div/div[2]/div/div[2]/a/span[2]","span",""
"/html/body/main/section/div/div[2]/div/div[3]","div","Be inspired by our route map"
"/html/body/main/section/div/div[2]/div/div[3]/a","a","Be inspired by our route map"
"/html/body/main/section/div/div[2]/div/div[3]/a/span","span","Be inspired by our route map"
"/html/body/main/section/div/div[2]/div/div[3]/a/span[2]","span",""
"/html/body/main/div[4]","div","SKYWARDS+ Enhance your benefits with Skywards+ Choose from 3 packages loaded with what you love  from airport lounge access and extra baggage allowance  to exclusive Cash+Miles rates and discounts. Learn more Learn more :Enhance your benefits with Skywards+"
"/html/body/main/div[4]/ul","ul","SKYWARDS+ Enhance your benefits with Skywards+ Choose from 3 packages loaded with what you love  from airport lounge access and extra baggage allowance  to exclusive Cash+Miles rates and discounts. Learn more Learn more :Enhance your benefits with Skywards+"
"/html/body/main/div[4]/ul/li","li","SKYWARDS+ Enhance your benefits with Skywards+ Choose from 3 packages loaded with what you love  from airport lounge access and extra baggage allowance  to exclusive Cash+Miles rates and discounts. Learn more Learn more :Enhance your benefits with Skywards+"
"/html/body/main/div[4]/ul/li/div","div","SKYWARDS+ Enhance your benefits with Skywards+ Choose from 3 packages loaded with what you love  from airport lounge access and extra baggage allowance  to exclusive Cash+Miles rates and discounts. Learn more Learn more :Enhance your benefits with Skywards+"
"/html/body/main/div[4]/ul/li/div/div","div","SKYWARDS+ Enhance your benefits with Skywards+ Choose from 3 packages loaded with what you love  from airport lounge access and extra baggage allowance  to exclusive Cash+Miles rates and discounts. Learn more Learn more :Enhance your benefits with Skywards+"
"/html/body/main/div[4]/ul/li/div/div/div","div",""
"/html/body/main/div[4]/ul/li/div/div/div/picture","picture",""
"/html/body/main/div[4]/ul/li/div/div/div/picture/img","img",""
"/html/body/main/div[4]/ul/li/div/div/div[2]","div","SKYWARDS+ Enhance your benefits with Skywards+ Choose from 3 packages loaded with what you love  from airport lounge access and extra baggage allowance  to exclusive Cash+Miles rates and discounts. Learn more Learn more :Enhance your benefits with Skywards+"
"/html/body/main/div[4]/ul/li/div/div/div[2]/div","div","SKYWARDS+ Enhance your benefits with Skywards+ Choose from 3 packages loaded with what you love  from airport lounge access and extra baggage allowance  to exclusive Cash+Miles rates and discounts."
"/html/body/main/div[4]/ul/li/div/div/div[2]/div/p","p","SKYWARDS+"
"/html/body/main/div[4]/ul/li/div/div/div[2]/div/h2","h2","Enhance your benefits with Skywards+"
"/html/body/main/div[4]/ul/li/div/div/div[2]/div/p[2]","p","Choose from 3 packages loaded with what you love  from airport lounge access and extra baggage allowance  to exclusive Cash+Miles rates and discounts."
"/html/body/main/div[4]/ul/li/div/div/div[2]/div[2]","div","Learn more Learn more :Enhance your benefits with Skywards+"
"/html/body/main/div[4]/ul/li/div/div/div[2]/div[2]/div","div","Learn more Learn more :Enhance your benefits with Skywards+"
"/html/body/main/div[4]/ul/li/div/div/div[2]/div[2]/div/a","a","Learn more Learn more :Enhance your benefits with Skywards+"
"/html/body/main/div[4]/ul/li/div/div/div[2]/div[2]/div/a/span","span","Learn more"
"/html/body/main/div[4]/ul/li/div/div/div[2]/div[2]/div/a/span[2]","span","Learn more :Enhance your benefits with Skywards+"
"/html/body/main/div[4]/ul/li/div/div/div[2]/div[2]/div/a/span[3]","span",""
"/html/body/main/section[2]","section","FLYING WITH EMIRATES Make it an incredible journey Explore the Emirates experience and plan an unforgettable trip beyond your flight. DUBAI EXPERIENCE Create your Dubai Experience Learn more CABIN FEATURES First Class Learn more CABIN FEATURES Business Class Learn more CABIN FEATURES Premium Economy Learn more CABIN FEATURES Economy Class Learn more"
"/html/body/main/section[2]/div","div","FLYING WITH EMIRATES Make it an incredible journey Explore the Emirates experience and plan an unforgettable trip beyond your flight."
"/html/body/main/section[2]/div/span","span","FLYING WITH EMIRATES"
"/html/body/main/section[2]/div/h2","h2","Make it an incredible journey"
"/html/body/main/section[2]/div/div","div","Explore the Emirates experience and plan an unforgettable trip beyond your flight."
"/html/body/main/section[2]/div/div/p","p","Explore the Emirates experience and plan an unforgettable trip beyond your flight."
"/html/body/main/section[2]/div[3]","div","DUBAI EXPERIENCE Create your Dubai Experience Learn more CABIN FEATURES First Class Learn more CABIN FEATURES Business Class Learn more CABIN FEATURES Premium Economy Learn more CABIN FEATURES Economy Class Learn more"
"/html/body/main/section[2]/div[3]/div","div","DUBAI EXPERIENCE Create your Dubai Experience Learn more CABIN FEATURES First Class Learn more CABIN FEATURES Business Class Learn more CABIN FEATURES Premium Economy Learn more CABIN FEATURES Economy Class Learn more"
"/html/body/main/section[2]/div[3]/div/a","a","DUBAI EXPERIENCE Create your Dubai Experience Learn more"
"/html/body/main/section[2]/div[3]/div/a/div","div","DUBAI EXPERIENCE Create your Dubai Experience Learn more"
"/html/body/main/section[2]/div[3]/div/a/div/div","div","DUBAI EXPERIENCE Create your Dubai Experience Learn more"
"/html/body/main/section[2]/div[3]/div/a/div/div/span","span","DUBAI EXPERIENCE"
"/html/body/main/section[2]/div[3]/div/a/div/div/h3","h3","Create your Dubai Experience"
"/html/body/main/section[2]/div[3]/div/a/div/div/span[2]","span","Learn more"
"/html/body/main/section[2]/div[3]/div/a[2]","a","CABIN FEATURES First Class Learn more"
"/html/body/main/section[2]/div[3]/div/a[2]/div","div","CABIN FEATURES First Class Learn more"
"/html/body/main/section[2]/div[3]/div/a[2]/div/div","div","CABIN FEATURES First Class Learn more"
"/html/body/main/section[2]/div[3]/div/a[2]/div/div/span","span","CABIN FEATURES"
"/html/body/main/section[2]/div[3]/div/a[2]/div/div/h3","h3","First Class"
"/html/body/main/section[2]/div[3]/div/a[2]/div/div/span[2]","span","Learn more"
"/html/body/main/section[2]/div[3]/div/a[3]","a","CABIN FEATURES Business Class Learn more"
"/html/body/main/section[2]/div[3]/div/a[3]/div","div","CABIN FEATURES Business Class Learn more"
"/html/body/main/section[2]/div[3]/div/a[3]/div/div","div","CABIN FEATURES Business Class Learn more"
"/html/body/main/section[2]/div[3]/div/a[3]/div/div/span","span","CABIN FEATURES"
"/html/body/main/section[2]/div[3]/div/a[3]/div/div/h3","h3","Business Class"
"/html/body/main/section[2]/div[3]/div/a[3]/div/div/span[2]","span","Learn more"
"/html/body/main/section[2]/div[3]/div/a[4]","a","CABIN FEATURES Premium Economy Learn more"
"/html/body/main/section[2]/div[3]/div/a[4]/div","div","CABIN FEATURES Premium Economy Learn more"
"/html/body/main/section[2]/div[3]/div/a[4]/div/div","div","CABIN FEATURES Premium Economy Learn more"
"/html/body/main/section[2]/div[3]/div/a[4]/div/div/span","span","CABIN FEATURES"
"/html/body/main/section[2]/div[3]/div/a[4]/div/div/h3","h3","Premium Economy"
"/html/body/main/section[2]/div[3]/div/a[4]/div/div/span[2]","span","Learn more"
"/html/body/main/section[2]/div[3]/div/a[5]","a","CABIN FEATURES Economy Class Learn more"
"/html/body/main/section[2]/div[3]/div/a[5]/div","div","CABIN FEATURES Economy Class Learn more"
"/html/body/main/section[2]/div[3]/div/a[5]/div/div","div","CABIN FEATURES Economy Class Learn more"
"/html/body/main/section[2]/div[3]/div/a[5]/div/div/span","span","CABIN FEATURES"
"/html/body/main/section[2]/div[3]/div/a[5]/div/div/h3","h3","Economy Class"
"/html/body/main/section[2]/div[3]/div/a[5]/div/div/span[2]","span","Learn more"
"/html/body/main/div[5]","div","About us Learn more about our history  our business and sustainability initiatives Our business Our planet Our people Our communities"
"/html/body/main/div[5]/div","div","About us Learn more about our history  our business and sustainability initiatives Our business Our planet Our people Our communities"
"/html/body/main/div[5]/div/h2","h2","About us"
"/html/body/main/div[5]/div/p","p","Learn more about our history  our business and sustainability initiatives"
"/html/body/main/div[5]/div/ul","ul","Our business Our planet Our people Our communities"
"/html/body/main/div[5]/div/ul/li","li","Our business"
"/html/body/main/div[5]/div/ul/li/a","a","Our business"
"/html/body/main/div[5]/div/ul/li/a/div","div",""
"/html/body/main/div[5]/div/ul/li/a/div/img","img",""
"/html/body/main/div[5]/div/ul/li/a/span","span","Our business"
"/html/body/main/div[5]/div/ul/li[2]","li","Our planet"
"/html/body/main/div[5]/div/ul/li[2]/a","a","Our planet"
"/html/body/main/div[5]/div/ul/li[2]/a/div","div",""
"/html/body/main/div[5]/div/ul/li[2]/a/div/img","img",""
"/html/body/main/div[5]/div/ul/li[2]/a/span","span","Our planet"
"/html/body/main/div[5]/div/ul/li[3]","li","Our people"
"/html/body/main/div[5]/div/ul/li[3]/a","a","Our people"
"/html/body/main/div[5]/div/ul/li[3]/a/div","div",""
"/html/body/main/div[5]/div/ul/li[3]/a/div/img","img",""
"/html/body/main/div[5]/div/ul/li[3]/a/span","span","Our people"
"/html/body/main/div[5]/div/ul/li[4]","li","Our communities"
"/html/body/main/div[5]/div/ul/li[4]/a","a","Our communities"
"/html/body/main/div[5]/div/ul/li[4]/a/div","div",""
"/html/body/main/div[5]/div/ul/li[4]/a/div/img","img",""
"/html/body/main/div[5]/div/ul/li[4]/a/span","span","Our communities"
"/html/body/footer","footer","About Us About us Careers Opens an external link in a new tab Media Center Opens an external link in a new tab Our planet Our people Our communities Help Help and Contact Travel Updates Special Assistance Frequently asked questions Book Book flights Travel services Transportation Planning your trip Dubai Experience Manage Check-in Manage Your Booking Chauffeur-drive service Flight status Before you fly Baggage Visa and passport information Health Travel information Dubai International Getting to and from the airport Rules and notices Where we fly Route map Africa Asia and the Pacific Europe The Americas The Middle East Flights to all countries/territories Experience Cabin features Shop Emirates What's on your flight Inflight entertainment Dining Our lounges Dubai Stopover Loyalty Log in to Emirates Skywards Join Emirates Skywards Our partners Business Rewards benefits Register your company Emirates Skywards Program Rules Subscribe to our special offers Save with our latest fares and offers. Unsubscribe or change your preferences Email address Subscribe For details about how we use your information  please see our privacy policy. Emirates App Book and manage your flights on the go. Connect with us Share your Emirates experience. Connect with us on Facebook - Opens an external link in a new tab Connect with us on X-social - Opens an external link in a new tab Connect with us on LinkedIn - Opens an external link in a new tab Connect with us on Youtube - Opens an external link in a new tab Connect with us on Instagram - Opens an external link in a new tab Connect with us on Snapchat - Opens an external link in a new tab Connect with us on Tiktok - Opens an external link in a new tab Accessibility statement Contact us Privacy Policy Terms and conditions Cookie Policy Cybersecurity Modern Slavery Act Transparency Statement Sitemap Customer Service Plan Optional services © 2025 The Emirates Group. All Rights Reserved."
"/html/body/footer/div","div","About Us About us Careers Opens an external link in a new tab Media Center Opens an external link in a new tab Our planet Our people Our communities Help Help and Contact Travel Updates Special Assistance Frequently asked questions Book Book flights Travel services Transportation Planning your trip Dubai Experience Manage Check-in Manage Your Booking Chauffeur-drive service Flight status Before you fly Baggage Visa and passport information Health Travel information Dubai International Getting to and from the airport Rules and notices Where we fly Route map Africa Asia and the Pacific Europe The Americas The Middle East Flights to all countries/territories Experience Cabin features Shop Emirates What's on your flight Inflight entertainment Dining Our lounges Dubai Stopover Loyalty Log in to Emirates Skywards Join Emirates Skywards Our partners Business Rewards benefits Register your company Emirates Skywards Program Rules Subscribe to our special offers Save with our latest fares and offers. Unsubscribe or change your preferences Email address Subscribe For details about how we use your information  please see our privacy policy. Emirates App Book and manage your flights on the go. Connect with us Share your Emirates experience. Connect with us on Facebook - Opens an external link in a new tab Connect with us on X-social - Opens an external link in a new tab Connect with us on LinkedIn - Opens an external link in a new tab Connect with us on Youtube - Opens an external link in a new tab Connect with us on Instagram - Opens an external link in a new tab Connect with us on Snapchat - Opens an external link in a new tab Connect with us on Tiktok - Opens an external link in a new tab Accessibility statement Contact us Privacy Policy Terms and conditions Cookie Policy Cybersecurity Modern Slavery Act Transparency Statement Sitemap Customer Service Plan Optional services © 2025 The Emirates Group. All Rights Reserved."
"/html/body/footer/div/div","div","About Us About us Careers Opens an external link in a new tab Media Center Opens an external link in a new tab Our planet Our people Our communities Help Help and Contact Travel Updates Special Assistance Frequently asked questions Book Book flights Travel services Transportation Planning your trip Dubai Experience Manage Check-in Manage Your Booking Chauffeur-drive service Flight status Before you fly Baggage Visa and passport information Health Travel information Dubai International Getting to and from the airport Rules and notices Where we fly Route map Africa Asia and the Pacific Europe The Americas The Middle East Flights to all countries/territories Experience Cabin features Shop Emirates What's on your flight Inflight entertainment Dining Our lounges Dubai Stopover Loyalty Log in to Emirates Skywards Join Emirates Skywards Our partners Business Rewards benefits Register your company Emirates Skywards Program Rules Subscribe to our special offers Save with our latest fares and offers. Unsubscribe or change your preferences Email address Subscribe For details about how we use your information  please see our privacy policy. Emirates App Book and manage your flights on the go. Connect with us Share your Emirates experience. Connect with us on Facebook - Opens an external link in a new tab Connect with us on X-social - Opens an external link in a new tab Connect with us on LinkedIn - Opens an external link in a new tab Connect with us on Youtube - Opens an external link in a new tab Connect with us on Instagram - Opens an external link in a new tab Connect with us on Snapchat - Opens an external link in a new tab Connect with us on Tiktok - Opens an external link in a new tab Accessibility statement Contact us Privacy Policy Terms and conditions Cookie Policy Cybersecurity Modern Slavery Act Transparency Statement Sitemap Customer Service Plan Optional services © 2025 The Emirates Group. All Rights Reserved."
"/html/body/footer/div/div/div","div","About Us About us Careers Opens an external link in a new tab Media Center Opens an external link in a new tab Our planet Our people Our communities"
"/html/body/footer/div/div/div/div","div","About Us"
"/html/body/footer/div/div/div/ol","ol","About us Careers Opens an external link in a new tab Media Center Opens an external link in a new tab Our planet Our people Our communities"
"/html/body/footer/div/div/div/ol/li","li","About us"
"/html/body/footer/div/div/div/ol/li/a","a","About us"
"/html/body/footer/div/div/div/ol/li[2]","li","Careers Opens an external link in a new tab"
"/html/body/footer/div/div/div/ol/li[2]/a","a","Careers Opens an external link in a new tab"
"/html/body/footer/div/div/div/ol/li[2]/a/i","i","Opens an external link in a new tab"
"/html/body/footer/div/div/div/ol/li[2]/a/i/span","span","Opens an external link in a new tab"
"/html/body/footer/div/div/div/ol/li[3]","li","Media Center Opens an external link in a new tab"
"/html/body/footer/div/div/div/ol/li[3]/a","a","Media Center Opens an external link in a new tab"
"/html/body/footer/div/div/div/ol/li[3]/a/i","i","Opens an external link in a new tab"
"/html/body/footer/div/div/div/ol/li[3]/a/i/span","span","Opens an external link in a new tab"
"/html/body/footer/div/div/div/ol/li[4]","li","Our planet"
"/html/body/footer/div/div/div/ol/li[4]/a","a","Our planet"
"/html/body/footer/div/div/div/ol/li[5]","li","Our people"
"/html/body/footer/div/div/div/ol/li[5]/a","a","Our people"
"/html/body/footer/div/div/div/ol/li[6]","li","Our communities"
"/html/body/footer/div/div/div/ol/li[6]/a","a","Our communities"
"/html/body/footer/div/div/div[2]","div","Help Help and Contact Travel Updates Special Assistance Frequently asked questions"
"/html/body/footer/div/div/div[2]/div","div","Help"
"/html/body/footer/div/div/div[2]/ol","ol","Help and Contact Travel Updates Special Assistance Frequently asked questions"
"/html/body/footer/div/div/div[2]/ol/li","li","Help and Contact"
"/html/body/footer/div/div/div[2]/ol/li/a","a","Help and Contact"
"/html/body/footer/div/div/div[2]/ol/li[2]","li","Travel Updates"
"/html/body/footer/div/div/div[2]/ol/li[2]/a","a","Travel Updates"
"/html/body/footer/div/div/div[2]/ol/li[3]","li","Special Assistance"
"/html/body/footer/div/div/div[2]/ol/li[3]/a","a","Special Assistance"
"/html/body/footer/div/div/div[2]/ol/li[4]","li","Frequently asked questions"
"/html/body/footer/div/div/div[2]/ol/li[4]/a","a","Frequently asked questions"
"/html/body/footer/div/div/div[3]","div","Book Book flights Travel services Transportation Planning your trip Dubai Experience"
"/html/body/footer/div/div/div[3]/div","div","Book"
"/html/body/footer/div/div/div[3]/ol","ol","Book flights Travel services Transportation Planning your trip Dubai Experience"
"/html/body/footer/div/div/div[3]/ol/li","li","Book flights"
"/html/body/footer/div/div/div[3]/ol/li/a","a","Book flights"
"/html/body/footer/div/div/div[3]/ol/li[2]","li","Travel services"
"/html/body/footer/div/div/div[3]/ol/li[2]/a","a","Travel services"
"/html/body/footer/div/div/div[3]/ol/li[3]","li","Transportation"
"/html/body/footer/div/div/div[3]/ol/li[3]/a","a","Transportation"
"/html/body/footer/div/div/div[3]/ol/li[4]","li","Planning your trip"
"/html/body/footer/div/div/div[3]/ol/li[4]/a","a","Planning your trip"
"/html/body/footer/div/div/div[3]/ol/li[5]","li","Dubai Experience"
"/html/body/footer/div/div/div[3]/ol/li[5]/a","a","Dubai Experience"
"/html/body/footer/div/div/div[4]","div","Manage Check-in Manage Your Booking Chauffeur-drive service Flight status"
"/html/body/footer/div/div/div[4]/div","div","Manage"
"/html/body/footer/div/div/div[4]/ol","ol","Check-in Manage Your Booking Chauffeur-drive service Flight status"
"/html/body/footer/div/div/div[4]/ol/li","li","Check-in"
"/html/body/footer/div/div/div[4]/ol/li/a","a","Check-in"
"/html/body/footer/div/div/div[4]/ol/li[2]","li","Manage Your Booking"
"/html/body/footer/div/div/div[4]/ol/li[2]/a","a","Manage Your Booking"
"/html/body/footer/div/div/div[4]/ol/li[3]","li","Chauffeur-drive service"
"/html/body/footer/div/div/div[4]/ol/li[3]/a","a","Chauffeur-drive service"
"/html/body/footer/div/div/div[4]/ol/li[4]","li","Flight status"
"/html/body/footer/div/div/div[4]/ol/li[4]/a","a","Flight status"
"/html/body/footer/div/div/div[5]","div","Before you fly Baggage Visa and passport information Health Travel information Dubai International Getting to and from the airport Rules and notices"
"/html/body/footer/div/div/div[5]/div","div","Before you fly"
"/html/body/footer/div/div/div[5]/ol","ol","Baggage Visa and passport information Health Travel information Dubai International Getting to and from the airport Rules and notices"
"/html/body/footer/div/div/div[5]/ol/li","li","Baggage"
"/html/body/footer/div/div/div[5]/ol/li/a","a","Baggage"
"/html/body/footer/div/div/div[5]/ol/li[2]","li","Visa and passport information"
"/html/body/footer/div/div/div[5]/ol/li[2]/a","a","Visa and passport information"
"/html/body/footer/div/div/div[5]/ol/li[3]","li","Health"
"/html/body/footer/div/div/div[5]/ol/li[3]/a","a","Health"
"/html/body/footer/div/div/div[5]/ol/li[4]","li","Travel information"
"/html/body/footer/div/div/div[5]/ol/li[4]/a","a","Travel information"
"/html/body/footer/div/div/div[5]/ol/li[5]","li","Dubai International"
"/html/body/footer/div/div/div[5]/ol/li[5]/a","a","Dubai International"
"/html/body/footer/div/div/div[5]/ol/li[6]","li","Getting to and from the airport"
"/html/body/footer/div/div/div[5]/ol/li[6]/a","a","Getting to and from the airport"
"/html/body/footer/div/div/div[5]/ol/li[7]","li","Rules and notices"
"/html/body/footer/div/div/div[5]/ol/li[7]/a","a","Rules and notices"
"/html/body/footer/div/div/div[6]","div","Where we fly Route map Africa Asia and the Pacific Europe The Americas The Middle East Flights to all countries/territories"
"/html/body/footer/div/div/div[6]/div","div","Where we fly"
"/html/body/footer/div/div/div[6]/ol","ol","Route map Africa Asia and the Pacific Europe The Americas The Middle East Flights to all countries/territories"
"/html/body/footer/div/div/div[6]/ol/li","li","Route map"
"/html/body/footer/div/div/div[6]/ol/li/a","a","Route map"
"/html/body/footer/div/div/div[6]/ol/li[2]","li","Africa"
"/html/body/footer/div/div/div[6]/ol/li[2]/a","a","Africa"
"/html/body/footer/div/div/div[6]/ol/li[3]","li","Asia and the Pacific"
"/html/body/footer/div/div/div[6]/ol/li[3]/a","a","Asia and the Pacific"
"/html/body/footer/div/div/div[6]/ol/li[4]","li","Europe"
"/html/body/footer/div/div/div[6]/ol/li[4]/a","a","Europe"
"/html/body/footer/div/div/div[6]/ol/li[5]","li","The Americas"
"/html/body/footer/div/div/div[6]/ol/li[5]/a","a","The Americas"
"/html/body/footer/div/div/div[6]/ol/li[6]","li","The Middle East"
"/html/body/footer/div/div/div[6]/ol/li[6]/a","a","The Middle East"
"/html/body/footer/div/div/div[6]/ol/li[7]","li","Flights to all countries/territories"
"/html/body/footer/div/div/div[6]/ol/li[7]/a","a","Flights to all countries/territories"
"/html/body/footer/div/div/div[7]","div","Experience Cabin features Shop Emirates What's on your flight Inflight entertainment Dining Our lounges Dubai Stopover"
"/html/body/footer/div/div/div[7]/div","div","Experience"
"/html/body/footer/div/div/div[7]/ol","ol","Cabin features Shop Emirates What's on your flight Inflight entertainment Dining Our lounges Dubai Stopover"
"/html/body/footer/div/div/div[7]/ol/li","li","Cabin features"
"/html/body/footer/div/div/div[7]/ol/li/a","a","Cabin features"
"/html/body/footer/div/div/div[7]/ol/li[2]","li","Shop Emirates"
"/html/body/footer/div/div/div[7]/ol/li[2]/a","a","Shop Emirates"
"/html/body/footer/div/div/div[7]/ol/li[3]","li","What's on your flight"
"/html/body/footer/div/div/div[7]/ol/li[3]/a","a","What's on your flight"
"/html/body/footer/div/div/div[7]/ol/li[4]","li","Inflight entertainment"
"/html/body/footer/div/div/div[7]/ol/li[4]/a","a","Inflight entertainment"
"/html/body/footer/div/div/div[7]/ol/li[5]","li","Dining"
"/html/body/footer/div/div/div[7]/ol/li[5]/a","a","Dining"
"/html/body/footer/div/div/div[7]/ol/li[6]","li","Our lounges"
"/html/body/footer/div/div/div[7]/ol/li[6]/a","a","Our lounges"
"/html/body/footer/div/div/div[7]/ol/li[7]","li","Dubai Stopover"
"/html/body/footer/div/div/div[7]/ol/li[7]/a","a","Dubai Stopover"
"/html/body/footer/div/div/div[8]","div","Loyalty Log in to Emirates Skywards Join Emirates Skywards Our partners Business Rewards benefits Register your company Emirates Skywards Program Rules"
"/html/body/footer/div/div/div[8]/div","div","Loyalty"
"/html/body/footer/div/div/div[8]/ol","ol","Log in to Emirates Skywards Join Emirates Skywards Our partners Business Rewards benefits Register your company Emirates Skywards Program Rules"
"/html/body/footer/div/div/div[8]/ol/li","li","Log in to Emirates Skywards"
"/html/body/footer/div/div/div[8]/ol/li/a","a","Log in to Emirates Skywards"
"/html/body/footer/div/div/div[8]/ol/li[2]","li","Join Emirates Skywards"
"/html/body/footer/div/div/div[8]/ol/li[2]/a","a","Join Emirates Skywards"
"/html/body/footer/div/div/div[8]/ol/li[3]","li","Our partners"
"/html/body/footer/div/div/div[8]/ol/li[3]/a","a","Our partners"
"/html/body/footer/div/div/div[8]/ol/li[4]","li","Business Rewards benefits"
"/html/body/footer/div/div/div[8]/ol/li[4]/a","a","Business Rewards benefits"
"/html/body/footer/div/div/div[8]/ol/li[5]","li","Register your company"
"/html/body/footer/div/div/div[8]/ol/li[5]/a","a","Register your company"
"/html/body/footer/div/div/div[8]/ol/li[6]","li","Emirates Skywards Program Rules"
"/html/body/footer/div/div/div[8]/ol/li[6]/a","a","Emirates Skywards Program Rules"
"/html/body/footer/div/div/div[9]","div","Subscribe to our special offers Save with our latest fares and offers. Unsubscribe or change your preferences Email address Subscribe For details about how we use your information  please see our privacy policy."
"/html/body/footer/div/div/div[9]/div","div","Subscribe to our special offers"
"/html/body/footer/div/div/div[9]/p","p","Save with our latest fares and offers. Unsubscribe or change your preferences"
"/html/body/footer/div/div/div[9]/p/a","a","Unsubscribe or change your preferences"
"/html/body/footer/div/div/div[9]/form","form","Email address Subscribe"
"/html/body/footer/div/div/div[9]/form/div","div","Email address"
"/html/body/footer/div/div/div[9]/form/div/label","label","Email address"
"/html/body/footer/div/div/div[9]/form/div/input","input",""
"/html/body/footer/div/div/div[9]/form/a","a","Subscribe"
"/html/body/footer/div/div/div[9]/form/a/span","span","Subscribe"
"/html/body/footer/div/div/div[9]/p[2]","p","For details about how we use your information  please see our privacy policy."
"/html/body/footer/div/div/div[9]/p[2]/a","a","privacy policy"
"/html/body/footer/div/div/div[10]","div","Emirates App Book and manage your flights on the go."
"/html/body/footer/div/div/div[10]/div","div","Emirates App"
"/html/body/footer/div/div/div[10]/p","p","Book and manage your flights on the go."
"/html/body/footer/div/div/div[10]/ul","ul",""
"/html/body/footer/div/div/div[11]","div","Connect with us Share your Emirates experience. Connect with us on Facebook - Opens an external link in a new tab Connect with us on X-social - Opens an external link in a new tab Connect with us on LinkedIn - Opens an external link in a new tab Connect with us on Youtube - Opens an external link in a new tab Connect with us on Instagram - Opens an external link in a new tab Connect with us on Snapchat - Opens an external link in a new tab Connect with us on Tiktok - Opens an external link in a new tab"
"/html/body/footer/div/div/div[11]/div","div","Connect with us"
"/html/body/footer/div/div/div[11]/p","p","Share your Emirates experience."
"/html/body/footer/div/div/div[11]/ul","ul","Connect with us on Facebook - Opens an external link in a new tab Connect with us on X-social - Opens an external link in a new tab Connect with us on LinkedIn - Opens an external link in a new tab Connect with us on Youtube - Opens an external link in a new tab Connect with us on Instagram - Opens an external link in a new tab Connect with us on Snapchat - Opens an external link in a new tab Connect with us on Tiktok - Opens an external link in a new tab"
"/html/body/footer/div/div/div[11]/ul/li","li","Connect with us on Facebook - Opens an external link in a new tab"
"/html/body/footer/div/div/div[11]/ul/li/a","a","Connect with us on Facebook - Opens an external link in a new tab"
"/html/body/footer/div/div/div[11]/ul/li/a/i","i",""
"/html/body/footer/div/div/div[11]/ul/li/a/span","span","Connect with us on Facebook - Opens an external link in a new tab"
"/html/body/footer/div/div/div[11]/ul/li[2]","li","Connect with us on X-social - Opens an external link in a new tab"
"/html/body/footer/div/div/div[11]/ul/li[2]/a","a","Connect with us on X-social - Opens an external link in a new tab"
"/html/body/footer/div/div/div[11]/ul/li[2]/a/i","i",""
"/html/body/footer/div/div/div[11]/ul/li[2]/a/span","span","Connect with us on X-social - Opens an external link in a new tab"
"/html/body/footer/div/div/div[11]/ul/li[3]","li","Connect with us on LinkedIn - Opens an external link in a new tab"
"/html/body/footer/div/div/div[11]/ul/li[3]/a","a","Connect with us on LinkedIn - Opens an external link in a new tab"
"/html/body/footer/div/div/div[11]/ul/li[3]/a/i","i",""
"/html/body/footer/div/div/div[11]/ul/li[3]/a/span","span","Connect with us on LinkedIn - Opens an external link in a new tab"
"/html/body/footer/div/div/div[11]/ul/li[4]","li","Connect with us on Youtube - Opens an external link in a new tab"
"/html/body/footer/div/div/div[11]/ul/li[4]/a","a","Connect with us on Youtube - Opens an external link in a new tab"
"/html/body/footer/div/div/div[11]/ul/li[4]/a/i","i",""
"/html/body/footer/div/div/div[11]/ul/li[4]/a/span","span","Connect with us on Youtube - Opens an external link in a new tab"
"/html/body/footer/div/div/div[11]/ul/li[5]","li","Connect with us on Instagram - Opens an external link in a new tab"
"/html/body/footer/div/div/div[11]/ul/li[5]/a","a","Connect with us on Instagram - Opens an external link in a new tab"
"/html/body/footer/div/div/div[11]/ul/li[5]/a/i","i",""
"/html/body/footer/div/div/div[11]/ul/li[5]/a/span","span","Connect with us on Instagram - Opens an external link in a new tab"
"/html/body/footer/div/div/div[11]/ul/li[6]","li","Connect with us on Snapchat - Opens an external link in a new tab"
"/html/body/footer/div/div/div[11]/ul/li[6]/a","a","Connect with us on Snapchat - Opens an external link in a new tab"
"/html/body/footer/div/div/div[11]/ul/li[6]/a/i","i",""
"/html/body/footer/div/div/div[11]/ul/li[6]/a/span","span","Connect with us on Snapchat - Opens an external link in a new tab"
"/html/body/footer/div/div/div[11]/ul/li[7]","li","Connect with us on Tiktok - Opens an external link in a new tab"
"/html/body/footer/div/div/div[11]/ul/li[7]/a","a","Connect with us on Tiktok - Opens an external link in a new tab"
"/html/body/footer/div/div/div[11]/ul/li[7]/a/i","i",""
"/html/body/footer/div/div/div[11]/ul/li[7]/a/span","span","Connect with us on Tiktok - Opens an external link in a new tab"
"/html/body/footer/div/div/div[12]","div","Accessibility statement Contact us Privacy Policy Terms and conditions Cookie Policy Cybersecurity Modern Slavery Act Transparency Statement Sitemap Customer Service Plan Optional services © 2025 The Emirates Group. All Rights Reserved."
"/html/body/footer/div/div/div[12]/div","div",""
"/html/body/footer/div/div/div[12]/div/hr","hr",""
"/html/body/footer/div/div/div[12]/ul","ul","Accessibility statement Contact us Privacy Policy Terms and conditions Cookie Policy Cybersecurity Modern Slavery Act Transparency Statement Sitemap Customer Service Plan Optional services"
"/html/body/footer/div/div/div[12]/ul/li","li","Accessibility statement"
"/html/body/footer/div/div/div[12]/ul/li/a","a","Accessibility statement"
"/html/body/footer/div/div/div[12]/ul/li[2]","li","Contact us"
"/html/body/footer/div/div/div[12]/ul/li[2]/a","a","Contact us"
"/html/body/footer/div/div/div[12]/ul/li[3]","li","Privacy Policy"
"/html/body/footer/div/div/div[12]/ul/li[3]/a","a","Privacy Policy"
"/html/body/footer/div/div/div[12]/ul/li[4]","li","Terms and conditions"
"/html/body/footer/div/div/div[12]/ul/li[4]/a","a","Terms and conditions"
"/html/body/footer/div/div/div[12]/ul/li[5]","li","Cookie Policy"
"/html/body/footer/div/div/div[12]/ul/li[5]/a","a","Cookie Policy"
"/html/body/footer/div/div/div[12]/ul/li[6]","li","Cybersecurity"
"/html/body/footer/div/div/div[12]/ul/li[6]/a","a","Cybersecurity"
"/html/body/footer/div/div/div[12]/ul/li[7]","li","Modern Slavery Act Transparency Statement"
"/html/body/footer/div/div/div[12]/ul/li[7]/a","a","Modern Slavery Act Transparency Statement"
"/html/body/footer/div/div/div[12]/ul/li[8]","li","Sitemap"
"/html/body/footer/div/div/div[12]/ul/li[8]/a","a","Sitemap"
"/html/body/footer/div/div/div[12]/ul/li[9]","li","Customer Service Plan"
"/html/body/footer/div/div/div[12]/ul/li[9]/a","a","Customer Service Plan"
"/html/body/footer/div/div/div[12]/ul/li[10]","li","Optional services"
"/html/body/footer/div/div/div[12]/ul/li[10]/a","a","Optional services"
"/html/body/footer/div/div/div[12]/div[2]","div","© 2025 The Emirates Group. All Rights Reserved."
"/html/body/footer/div/div/div[12]/div[2]/p","p","© 2025 The Emirates Group. All Rights Reserved."
"/html/body/footer/div/div/div[12]/div[2]/a","a",""
"/html/body/footer/div/div/div[12]/div[2]/a/img","img",""
"/html/body/div[2]","div","We value your privacy We use cookies to help our website function properly  for analytics  marketing and to personalise the content you see. By accepting  you agree to the use of all of these cookies. You can update your preferences by clicking the cookie preferences button or at any time by going to our cookie policy. Cookie preferences Accept"
"/html/body/div[2]/div","div",""
"/html/body/div[2]/div[2]","div","We value your privacy We use cookies to help our website function properly  for analytics  marketing and to personalise the content you see. By accepting  you agree to the use of all of these cookies. You can update your preferences by clicking the cookie preferences button or at any time by going to our cookie policy. Cookie preferences Accept"
"/html/body/div[2]/div[2]/div","div","We value your privacy We use cookies to help our website function properly  for analytics  marketing and to personalise the content you see. By accepting  you agree to the use of all of these cookies. You can update your preferences by clicking the cookie preferences button or at any time by going to our cookie policy. Cookie preferences Accept"
"/html/body/div[2]/div[2]/div/div","div","We value your privacy We use cookies to help our website function properly  for analytics  marketing and to personalise the content you see. By accepting  you agree to the use of all of these cookies. You can update your preferences by clicking the cookie preferences button or at any time by going to our cookie policy. Cookie preferences Accept"
"/html/body/div[2]/div[2]/div/div/div","div","We value your privacy We use cookies to help our website function properly  for analytics  marketing and to personalise the content you see. By accepting  you agree to the use of all of these cookies. You can update your preferences by clicking the cookie preferences button or at any time by going to our cookie policy. Cookie preferences Accept"
"/html/body/div[2]/div[2]/div/div/div/div","div","We value your privacy We use cookies to help our website function properly  for analytics  marketing and to personalise the content you see. By accepting  you agree to the use of all of these cookies. You can update your preferences by clicking the cookie preferences button or at any time by going to our cookie policy."
"/html/body/div[2]/div[2]/div/div/div/div/div[2]","div","We value your privacy We use cookies to help our website function properly  for analytics  marketing and to personalise the content you see. By accepting  you agree to the use of all of these cookies. You can update your preferences by clicking the cookie preferences button or at any time by going to our cookie policy."
"/html/body/div[2]/div[2]/div/div/div/div/div[2]/h2","h2","We value your privacy"
"/html/body/div[2]/div[2]/div/div/div/div/div[2]/div","div","We use cookies to help our website function properly  for analytics  marketing and to personalise the content you see. By accepting  you agree to the use of all of these cookies. You can update your preferences by clicking the cookie preferences button or at any time by going to our cookie policy."
"/html/body/div[2]/div[2]/div/div/div/div/div[2]/div/span","span","We use cookies to help our website function properly  for analytics  marketing and to personalise the content you see."
"/html/body/div[2]/div[2]/div/div/div/div/div[2]/div/span[2]","span","By accepting  you agree to the use of all of these cookies."
"/html/body/div[2]/div[2]/div/div/div/div/div[2]/div/span[3]","span","You can update your preferences by clicking the cookie preferences button or at any time by going to our cookie policy."
"/html/body/div[2]/div[2]/div/div/div/div/div[2]/div/span[3]/a","a","cookie policy"
"/html/body/div[2]/div[2]/div/div/div/div[2]","div","Cookie preferences Accept"
"/html/body/div[2]/div[2]/div/div/div/div[2]/div","div","Cookie preferences Accept"
"/html/body/div[2]/div[2]/div/div/div/div[2]/div/button","button","Cookie preferences"
"/html/body/div[2]/div[2]/div/div/div/div[2]/div/button[2]","button","Accept"
